iter,time
0,19.5874
1,16.5314
2,14.1246
3,12.2352
4,10.1749
5,8.14367
6,6.17904
7,4.166
8,2.16032
9,4.15456
10,6.1479
11,8.16458
12,10.2625
13,12.1769
14,14.1644
15,16.3309
16,18.1809
17,16.1889
18,14.1686
19,12.1659
20,10.2143
21,8.18099
22,6.28421
23,4.24696
24,2.17826
