iter,time
0,13.146
1,6.22985
2,4.23932
3,2.284
4,4.38086
5,6.65565
6,8.23607
7,10.8639
8,12.3371
9,14.2611
10,16.246
11,18.3693
12,21.0921
13,22.1828
14,24.2833
15,26.2095
16,8.25079
17,6.14197
18,4.17803
19,2.16899
20,4.18581
21,6.1596
22,8.27356
23,10.2163
24,12.1669
