iter,time
0,15.7031
1,10.403
2,8.16008
3,6.17042
4,4.16909
5,3.49383
6,4.51998
7,6.3502
8,8.16133
9,10.3246
10,12.2456
11,14.149
12,16.1959
13,18.2097
14,20.2016
15,22.2318
16,12.2061
17,10.2312
18,8.4997
19,6.27606
20,4.51498
21,2.52227
22,4.45669
23,7.89544
24,8.6654
