iter,time
0,23.9833
1,20.1724
2,18.172
3,16.2663
4,14.2583
5,12.1269
6,10.1865
7,8.1694
8,6.16515
9,4.25783
10,2.17775
11,4.19596
12,6.23919
13,8.17149
14,10.245
15,12.2433
16,22.2872
17,20.2833
18,18.1707
19,16.1683
20,14.2239
21,12.2118
22,10.2326
23,8.15722
24,6.21192
