iter,time
0,34.0864
1,30.4239
2,28.3979
3,26.3784
4,24.2564
5,22.1483
6,20.2188
7,18.1936
8,16.2092
9,14.2374
10,12.2361
11,10.2549
12,8.25957
13,6.16664
14,4.22327
15,2.19124
16,32.421
17,31.5382
18,28.1577
19,26.192
20,24.2146
21,22.3174
22,20.1671
23,18.2034
24,16.2852
