iter,time
0,6.41356
1,4.34058
2,2.18385
3,4.18858
4,6.16386
5,8.13156
6,10.1544
7,12.1759
8,14.149
9,16.384
10,18.2126
11,20.2601
12,22.1769
13,24.1655
14,26.36
15,28.2012
16,6.1744
17,4.18693
18,2.17085
19,4.16144
20,6.16796
21,8.17552
22,10.2012
23,12.1738
24,14.262
