iter,time
0,31.0786
1,26.7354
2,24.2565
3,22.2297
4,20.1954
5,18.1443
6,16.2041
7,14.1677
8,12.1467
9,10.1765
10,8.16557
11,6.1869
12,4.19688
13,2.17789
14,4.20502
15,6.32256
16,28.2905
17,26.2293
18,24.1887
19,22.1939
20,20.2235
21,18.3012
22,16.2577
23,14.183
24,12.1674
