iter,time
0,31.9201
1,28.7984
2,26.1846
3,24.2373
4,22.2177
5,20.1658
6,18.1615
7,16.1755
8,14.1574
9,12.1613
10,10.1821
11,8.20757
12,6.20419
13,4.14404
14,2.18246
15,4.22623
16,30.2575
17,28.2232
18,26.1577
19,24.1711
20,22.1764
21,20.1969
22,18.1796
23,16.1393
24,14.2333
