iter,time
0,7.3559
1,4.16801
2,6.28631
3,8.16316
4,10.1815
5,12.1413
6,14.1758
7,16.1834
8,18.2314
9,20.2504
10,22.2339
11,24.2994
12,26.2419
13,28.2284
14,30.2678
15,32.2538
16,2.12553
17,4.16235
18,6.22812
19,8.17561
20,10.2037
21,12.1818
22,14.1918
23,16.249
24,18.1819
