iter,time
0,28.7725
1,24.3194
2,22.1742
3,20.2696
4,18.2174
5,16.2383
6,14.2533
7,12.1602
8,10.149
9,8.14413
10,6.15584
11,4.1747
12,2.25007
13,4.11869
14,6.15202
15,8.3375
16,26.2711
17,24.2857
18,22.368
19,20.1761
20,18.1917
21,16.1984
22,14.1871
23,12.2056
24,10.136
