iter,time
0,13.902
1,8.3126
2,6.20848
3,4.19983
4,2.44577
5,4.18224
6,6.196
7,8.19083
8,10.1792
9,12.2101
10,14.2936
11,16.1902
12,18.1755
13,20.2689
14,22.3349
15,24.4413
16,10.2618
17,8.21944
18,6.20091
19,4.14647
20,2.17671
21,4.17111
22,6.1938
23,8.1959
24,10.1435
