iter,time
0,15.866
1,12.2371
2,10.1547
3,8.23193
4,6.14319
5,4.15071
6,2.16846
7,4.21069
8,6.16677
9,8.15649
10,10.2077
11,12.2722
12,14.1857
13,16.22
14,18.2426
15,20.2152
16,14.2011
17,12.1462
18,10.1874
19,8.17152
20,6.18511
21,4.18794
22,2.20487
23,4.13953
24,6.16778
