iter,time
0,16.4479
1,14.2168
2,12.2091
3,10.187
4,8.26013
5,6.17491
6,4.18023
7,2.1721
8,4.14618
9,6.1969
10,8.21123
11,10.1973
12,12.2594
13,14.2009
14,16.257
15,18.219
16,16.5106
17,14.2509
18,12.1458
19,10.2013
20,8.19863
21,6.16554
22,4.19981
23,2.1657
24,4.19848
