iter,time
0,22.6359
1,18.1751
2,16.1627
3,14.1889
4,12.2678
5,10.2407
6,8.57585
7,6.20355
8,4.16757
9,2.16107
10,4.17618
11,6.16424
12,8.24359
13,10.3128
14,12.2426
15,14.2039
16,20.4139
17,18.1627
18,16.1313
19,14.1957
20,12.2812
21,10.255
22,8.18448
23,6.22439
24,4.16347
