iter,time
0,24.3231
1,22.3413
2,20.2034
3,18.2444
4,16.2669
5,14.4408
6,12.3508
7,10.1785
8,8.18151
9,6.18508
10,4.20537
11,2.2123
12,4.21473
13,6.24392
14,8.34678
15,10.2132
16,24.1966
17,22.3451
18,20.1649
19,18.2419
20,16.1972
21,14.1784
22,12.1695
23,10.2107
24,8.15486
