iter,time
0,18.7704
1,15.5091
2,13.978
3,12.224
4,12.3106
5,11.2913
6,10.452
7,9.7434
8,10.8302
9,10.2688
10,11.3277
11,12.564
12,13.584
13,14.948
14,15.9575
15,17.1279
16,16.9744
17,15.6177
18,14.0932
19,12.5849
20,11.0584
21,11.036
22,10.6841
23,9.86621
24,9.91766
