iter,time
0,18.4188
1,15.8898
2,14.9023
3,13.8895
4,11.0943
5,11.7503
6,10.2705
7,10.3999
8,10.7917
9,9.95778
10,11.104
11,12.42
12,13.4479
13,13.9185
14,13.8214
15,16.6856
16,17.0162
17,16.0689
18,13.0973
19,12.22
20,11.216
21,11.6325
22,10.2689
23,10.1417
24,9.85601
