iter,time
0,18.6911
1,16.0584
2,13.7961
3,12.6221
4,11.5682
5,10.6543
6,11.0978
7,10.8512
8,9.95895
9,10.8194
10,10.9858
11,12.412
12,13.4548
13,14.0879
14,16.132
15,17.156
16,16.3062
17,14.8835
18,13.509
19,13.0299
20,11.5141
21,10.525
22,10.0636
23,9.89779
24,9.96169
