iter,time
0,18.1942
1,17.27
2,13.9484
3,12.7633
4,11.5034
5,12.0158
6,10.3649
7,9.90215
8,9.88862
9,10.9483
10,10.8377
11,11.4301
12,12.1352
13,12.7631
14,14.784
15,17.6835
16,17.9187
17,14.8442
18,13.7563
19,12.7826
20,11.5022
21,10.4182
22,10.2484
23,9.8831
24,10.3174
