iter,time
0,18.8251
1,15.7863
2,14.061
3,13.0592
4,12.4955
5,11.7471
6,10.353
7,9.72495
8,9.96373
9,10.464
10,10.7935
11,11.7243
12,12.216
13,14.4623
14,15.252
15,17.9239
16,17.7997
17,14.8477
18,14.5226
19,12.1617
20,11.0548
21,11.4901
22,10.6604
23,9.71518
24,10.1635
