iter,time
0,17.7927
1,16.2842
2,14.8725
3,13.2825
4,11.162
5,11.0379
6,10.1019
7,9.97047
8,9.93024
9,10.7506
10,10.6277
11,11.4486
12,12.8521
13,13.5505
14,15.8561
15,17.756
16,18.1484
17,14.8701
18,13.6488
19,11.8822
20,11.4346
21,11.1972
22,10.09
23,9.72789
24,10.4272
